#uname,sym,seq,y,m,d,rev,inc
wholt,dah,11,2022,9,1,,y
,pch,1,2022,9,2,,
,,2,,,3,,
,,3,,,4,,
,,4,,,5,,
,,5,,,6,,
,,6,,,7,,
,,7,,,8,,
,,8,,,9,,
,,9,,,10,,
,,10,,,11,,
emack,pha1,5,2022,9,1,y,
,,10,,,1,y,
,phgh,1,,,1,,
,,2,,,1,,
,,3,,,1,,
,,4,,,1,,
,,5,,,1,,
,,6,,,1,,
,,7,,,1,,
,,8,,,1,,
,,9,,,1,,
,,10,,,1,,
,,11,,,1,,
eparker,ch,1,,,1,,
,,2,,,1,,
,,3,,,1,,
,,4,,,1,,
,,5,,,1,,
,,6,,,1,,
,,7,,,1,,
,,8,,,1,,
,,9,,,1,,
,,10,,,1,,
zmilk,8,3,,,1,y,
,dah,11,,,1,,y
,pc,1,,,1,,
,,2,,,1,,
,,3,,,1,,
,,4,,,1,,
,,5,,,1,,
,,6,,,1,,
,,7,,,1,,
